{"cameraMode":{"drawMode":0,"name":"Shaded","section":"Shading Mode"},"sceneLighting":true,"audioPlay":false,"sceneViewState":{"showFog":false,"showMaterialUpdate":false,"showSkybox":false,"showFlares":false,"showImageEffects":false,"showParticleSystems":false},"in2DMode":false,"pivot":{"x":-0.9311227798461914,"y":-0.47785520553588869,"z":-0.07201623916625977},"rotation":{"x":0.26951631903648379,"y":0.36238256096839907,"z":-0.1103140264749527,"w":0.8853662610054016},"size":6.8434553146362309,"orthographic":false}